,timestamp,GT_depth,CAL_height,person_id,GT_height,unreg_img_left,unreg_img_right,reg_img_left,reg_img_right,error,left_1,left_2,left_3,left_4,right_1,right_2,right_3,right_4
119,2023-07-25 16:55:36.171085,184.032892025547,181.97766472150354,0,182.0,0/unregistered/uil__2023-07-25__16:55:36.171085.png,0/unregistered/uir__2023-07-25__16:55:36.171085.png,0/registered/ril__2023-07-25__16:55:36.171085.png,0/registered/rir__2023-07-25__16:55:36.171085.png,0.022335278496456112,0.29913935 0.40672457,0.38599697 0.40252712,0.34741625 0.4979338,0.34753498 0.47114459,0.41865903 0.37308201,0.50371093 0.36897126,0.46786112 0.46435778,0.46767718 0.43533179
129,2023-07-25 16:55:53.795661,185.977489518261,181.97435349868704,0,182.0,0/unregistered/uil__2023-07-25__16:55:53.795661.png,0/unregistered/uir__2023-07-25__16:55:53.795661.png,0/registered/ril__2023-07-25__16:55:53.795661.png,0/registered/rir__2023-07-25__16:55:53.795661.png,0.025646501312962755,0.39526415 0.40821454,0.47750193 0.40360862,0.43421678 0.49672228,0.43260658 0.46672425,0.51092285 0.37426111,0.59297776 0.36964494,0.55306661 0.46390894,0.55289674 0.43368039
121,2023-07-25 16:55:38.525915,183.456795510232,182.02603829431584,0,182.0,0/unregistered/uil__2023-07-25__16:55:38.525915.png,0/unregistered/uir__2023-07-25__16:55:38.525915.png,0/registered/ril__2023-07-25__16:55:38.525915.png,0/registered/rir__2023-07-25__16:55:38.525915.png,0.02603829431583904,0.30268949 0.4061664,0.3879458 0.40149489,0.34940377 0.49727473,0.34911278 0.46837518,0.42122 0.37299821,0.50548488 0.36747566,0.47043592 0.46527994,0.47005317 0.43340269
143,2023-07-25 16:56:11.472808,189.633977062277,181.9696431950121,0,182.0,0/unregistered/uil__2023-07-25__16:56:11.472808.png,0/unregistered/uir__2023-07-25__16:56:11.472808.png,0/registered/ril__2023-07-25__16:56:11.472808.png,0/registered/rir__2023-07-25__16:56:11.472808.png,0.030356804987889063,0.52616227 0.4100022,0.60557067 0.40648803,0.56638804 0.49491487,0.566239 0.46570486,0.63882565 0.37534511,0.71938485 0.37193981,0.68300948 0.46107949,0.68437803 0.43112904
115,2023-07-25 16:55:31.469925,181.786514767512,181.9603607843578,0,182.0,0/unregistered/uil__2023-07-25__16:55:31.469925.png,0/unregistered/uir__2023-07-25__16:55:31.469925.png,0/registered/ril__2023-07-25__16:55:31.469925.png,0/registered/rir__2023-07-25__16:55:31.469925.png,0.039639215642210957,0.29476887 0.4059687,0.38104254 0.40061209,0.34237258 0.49658108,0.34186494 0.46845719,0.41444579 0.3724753,0.49974689 0.36692175,0.46437809 0.46405362,0.46369746 0.43333673
118,2023-07-25 16:55:34.999139,183.642896321433,182.05677030810295,0,182.0,0/unregistered/uil__2023-07-25__16:55:34.999139.png,0/unregistered/uir__2023-07-25__16:55:34.999139.png,0/registered/ril__2023-07-25__16:55:34.999139.png,0/registered/rir__2023-07-25__16:55:34.999139.png,0.056770308102954914,0.29888928 0.40561956,0.38419405 0.40175712,0.34568201 0.49617568,0.34592274 0.46933186,0.41748053 0.37268406,0.5019694 0.36790168,0.46647152 0.46372482,0.46661475 0.43378243
151,2023-07-25 16:56:22.116965,195.815215323496,182.0643474051767,0,182.0,0/unregistered/uil__2023-07-25__16:56:22.116965.png,0/unregistered/uir__2023-07-25__16:56:22.116965.png,0/registered/ril__2023-07-25__16:56:22.116965.png,0/registered/rir__2023-07-25__16:56:22.116965.png,0.06434740517670434,0.28953102 0.41425854,0.37025899 0.40806448,0.32785454 0.49922659,0.32577074 0.47002992,0.39957675 0.37978032,0.47924519 0.37496969,0.44145919 0.46752502,0.44005334 0.43856916
150,2023-07-25 16:56:19.751491,194.540929360929,182.07265613842495,0,182.0,0/unregistered/uil__2023-07-25__16:56:19.751491.png,0/unregistered/uir__2023-07-25__16:56:19.751491.png,0/registered/ril__2023-07-25__16:56:19.751491.png,0/registered/rir__2023-07-25__16:56:19.751491.png,0.07265613842494645,0.43544444 0.41253653,0.51575679 0.40816128,0.47735007 0.49944058,0.47700381 0.47082585,0.54536939 0.37860569,0.62766171 0.37330139,0.59081113 0.46626991,0.59218699 0.43722618
116,2023-07-25 16:55:32.661114,181.744185705049,182.0783434547069,0,182.0,0/unregistered/uil__2023-07-25__16:55:32.661114.png,0/unregistered/uir__2023-07-25__16:55:32.661114.png,0/registered/ril__2023-07-25__16:55:32.661114.png,0/registered/rir__2023-07-25__16:55:32.661114.png,0.07834345470689641,0.29165381 0.40443656,0.37896937 0.40003169,0.34070824 0.49703243,0.34040013 0.46761402,0.41162521 0.37196386,0.49801689 0.36702323,0.46299624 0.46462956,0.46189857 0.43225688
117,2023-07-25 16:55:33.817450,182.82862341969,182.11089029145714,0,182.0,0/unregistered/uil__2023-07-25__16:55:33.817450.png,0/unregistered/uir__2023-07-25__16:55:33.817450.png,0/registered/ril__2023-07-25__16:55:33.817450.png,0/registered/rir__2023-07-25__16:55:33.817450.png,0.1108902914571388,0.29503259 0.40492687,0.38180667 0.40043271,0.34334134 0.49661326,0.34320554 0.46965376,0.41404909 0.37152088,0.50072503 0.36689731,0.46420266 0.46344259,0.46430203 0.43410391
144,2023-07-25 16:56:12.665607,190.31725449102,181.8803116865133,0,182.0,0/unregistered/uil__2023-07-25__16:56:12.665607.png,0/unregistered/uir__2023-07-25__16:56:12.665607.png,0/registered/ril__2023-07-25__16:56:12.665607.png,0/registered/rir__2023-07-25__16:56:12.665607.png,0.11968831348670506,0.53074026 0.41143209,0.60972649 0.40738225,0.57210124 0.4973315,0.5724479 0.46913362,0.64306265 0.37853482,0.72413081 0.3726919,0.68867323 0.46338704,0.68921918 0.43380699
149,2023-07-25 16:56:18.599519,188.637830761649,181.84600789929323,0,182.0,0/unregistered/uil__2023-07-25__16:56:18.599519.png,0/unregistered/uir__2023-07-25__16:56:18.599519.png,0/registered/ril__2023-07-25__16:56:18.599519.png,0/registered/rir__2023-07-25__16:56:18.599519.png,0.15399210070677327,0.47976172 0.41084185,0.55899858 0.40649205,0.5200569 0.49751566,0.5192166 0.46815759,0.59435117 0.37703601,0.67406201 0.3719067,0.63714406 0.46432747,0.63751936 0.43600661
83,2023-07-25 16:54:49.068104,199.538703443986,181.75721155627045,0,182.0,0/unregistered/uil__2023-07-25__16:54:49.068104.png,0/unregistered/uir__2023-07-25__16:54:49.068104.png,0/registered/ril__2023-07-25__16:54:49.068104.png,0/registered/rir__2023-07-25__16:54:49.068104.png,0.24278844372955177,0.43486661 0.4186314,0.51252073 0.41281092,0.47619461 0.50161737,0.47530648 0.4729647,0.54304999 0.38430461,0.62011129 0.37891996,0.58708209 0.46865107,0.58753699 0.4410814
140,2023-07-25 16:56:06.747947,186.932700221062,182.27171430574313,0,182.0,0/unregistered/uil__2023-07-25__16:56:06.747947.png,0/unregistered/uir__2023-07-25__16:56:06.747947.png,0/registered/ril__2023-07-25__16:56:06.747947.png,0/registered/rir__2023-07-25__16:56:06.747947.png,0.2717143057431315,0.39909363 0.40550619,0.48105943 0.40249515,0.44364938 0.4937018,0.44473803 0.46535778,0.51525342 0.37141809,0.59621906 0.36820716,0.56207731 0.46093251,0.56362116 0.43017298
141,2023-07-25 16:56:07.946587,183.484295532583,181.71612001900053,0,182.0,0/unregistered/uil__2023-07-25__16:56:07.946587.png,0/unregistered/uir__2023-07-25__16:56:07.946587.png,0/registered/ril__2023-07-25__16:56:07.946587.png,0/registered/rir__2023-07-25__16:56:07.946587.png,0.28387998099947254,0.32717177 0.40976164,0.4109869 0.40328518,0.37480071 0.49836408,0.37455234 0.46852928,0.44357747 0.37660581,0.52910811 0.36967489,0.49548832 0.46563432,0.49615425 0.43385506
298,2023-07-25 16:58:10.815004,106.16987387312128,177.43795517706457,1,167.0,1/unregistered/uil__2023-07-25__16:58:10.815004.png,1/unregistered/uir__2023-07-25__16:58:10.815004.png,1/registered/ril__2023-07-25__16:58:10.815004.png,1/registered/rir__2023-07-25__16:58:10.815004.png,10.437955177064566,0.45471722 0.3709451,0.58789694 0.39731705,0.50929883 0.51310009,0.51068622 0.47450945,0.65884858 0.33624887,0.79015893 0.36140466,0.7167927 0.47911392,0.72270334 0.43986863
299,2023-07-25 16:58:11.804068,112.45212785177765,177.46580701633394,1,167.0,1/unregistered/uil__2023-07-25__16:58:11.804068.png,1/unregistered/uir__2023-07-25__16:58:11.804068.png,1/registered/ril__2023-07-25__16:58:11.804068.png,1/registered/rir__2023-07-25__16:58:11.804068.png,10.46580701633394,0.22179236 0.3857533,0.35468733 0.39745224,0.28448281 0.51642412,0.28361583 0.47994497,0.41765046 0.35216555,0.54453075 0.36282504,0.48034118 0.48256196,0.4829413 0.4477599
296,2023-07-25 16:58:08.818619,91.50150772055754,177.90346174044558,1,167.0,1/unregistered/uil__2023-07-25__16:58:08.818619.png,1/unregistered/uir__2023-07-25__16:58:08.818619.png,1/registered/ril__2023-07-25__16:58:08.818619.png,1/registered/rir__2023-07-25__16:58:08.818619.png,10.903461740445579,0.20184526 0.34626347,0.36090079 0.36075622,0.27330388 0.50185871,0.27291715 0.45596194,0.44126368 0.31075281,0.59303331 0.32437587,0.51702899 0.46706128,0.51909298 0.42351526
294,2023-07-25 16:58:06.794027,104.20375379617754,178.0492944292948,1,167.0,1/unregistered/uil__2023-07-25__16:58:06.794027.png,1/unregistered/uir__2023-07-25__16:58:06.794027.png,1/registered/ril__2023-07-25__16:58:06.794027.png,1/registered/rir__2023-07-25__16:58:06.794027.png,11.049294429294804,0.41244245 0.35958499,0.54684931 0.38478547,0.46619189 0.50497723,0.46574679 0.46347693,0.61969763 0.32510918,0.75272059 0.34903961,0.67840967 0.46926729,0.68227607 0.42901024
293,2023-07-25 16:58:05.806520,124.53148793526512,178.30318934361728,1,167.0,1/unregistered/uil__2023-07-25__16:58:05.806520.png,1/unregistered/uir__2023-07-25__16:58:05.806520.png,1/registered/ril__2023-07-25__16:58:05.806520.png,1/registered/rir__2023-07-25__16:58:05.806520.png,11.303189343617277,0.22030866 0.38841149,0.33911115 0.39935672,0.27637941 0.50898963,0.27461916 0.47641641,0.3958813 0.35514274,0.5114404 0.36478242,0.45333582 0.47610427,0.45489693 0.44151771
297,2023-07-25 16:58:09.821073,101.51141239692728,178.5082030517279,1,167.0,1/unregistered/uil__2023-07-25__16:58:09.821073.png,1/unregistered/uir__2023-07-25__16:58:09.821073.png,1/registered/ril__2023-07-25__16:58:09.821073.png,1/registered/rir__2023-07-25__16:58:09.821073.png,11.50820305172789,0.38819939 0.35030335,0.52746832 0.37164956,0.44815484 0.49291606,0.44933313 0.45207334,0.60066485 0.31509873,0.73819667 0.33445224,0.66722298 0.45772582,0.67074531 0.41634646
300,2023-07-25 16:58:13.916030,120.13781421533042,178.6953669222025,1,167.0,1/unregistered/uil__2023-07-25__16:58:13.916030.png,1/unregistered/uir__2023-07-25__16:58:13.916030.png,1/registered/ril__2023-07-25__16:58:13.916030.png,1/registered/rir__2023-07-25__16:58:13.916030.png,11.69536692220251,0.04372989 0.38305297,0.16799955 0.38479441,0.09919192 0.50229004,0.09404908 0.46670136,0.22243044 0.35080224,0.34621119 0.35059223,0.28278093 0.47019646,0.28222018 0.43353623
295,2023-07-25 16:58:07.796914,90.34702778258644,178.71041167778307,1,167.0,1/unregistered/uil__2023-07-25__16:58:07.796914.png,1/unregistered/uir__2023-07-25__16:58:07.796914.png,1/registered/ril__2023-07-25__16:58:07.796914.png,1/registered/rir__2023-07-25__16:58:07.796914.png,11.710411677783071,0.24658202 0.32806462,0.40192759 0.3462888,0.31378749 0.47724365,0.3125532 0.4300859,0.48535019 0.29638731,0.63657171 0.30871955,0.55959418 0.44197845,0.56152105 0.39503959
301,2023-07-25 16:58:18.521068,120.3873482647192,178.7153772889262,1,167.0,1/unregistered/uil__2023-07-25__16:58:18.521068.png,1/unregistered/uir__2023-07-25__16:58:18.521068.png,1/registered/ril__2023-07-25__16:58:18.521068.png,1/registered/rir__2023-07-25__16:58:18.521068.png,11.715377288926192,0.67198604 0.36953241,0.7859267 0.39837298,0.71830803 0.49675383,0.72085983 0.46188372,0.84989846 0.33440152,0.97616756 0.35873482,0.90210721 0.46112283,0.90229428 0.42580137
292,2023-07-25 16:58:04.808751,163.67510658004628,179.188685072216,1,167.0,1/unregistered/uil__2023-07-25__16:58:04.808751.png,1/unregistered/uir__2023-07-25__16:58:04.808751.png,1/registered/ril__2023-07-25__16:58:04.808751.png,1/registered/rir__2023-07-25__16:58:04.808751.png,12.188685072216003,0.45436263 0.40769541,0.54616475 0.42560264,0.49258576 0.50407094,0.49309745 0.47717482,0.5886305 0.37311581,0.67707169 0.39067993,0.6270557 0.46862021,0.6292544 0.44253594
309,2023-07-25 16:58:31.653723,158.3136407392979,179.46216922355524,1,167.0,1/unregistered/uil__2023-07-25__16:58:31.653723.png,1/unregistered/uir__2023-07-25__16:58:31.653723.png,1/registered/ril__2023-07-25__16:58:31.653723.png,1/registered/rir__2023-07-25__16:58:31.653723.png,12.462169223555236,0.63430643 0.40010148,0.7253437 0.420394,0.67100975 0.50118867,0.67210466 0.47504222,0.77031624 0.36558819,0.86178786 0.38449803,0.81043786 0.46688113,0.81320715 0.43896973
308,2023-07-25 16:58:30.473672,154.91648971673297,179.5153989389419,1,167.0,1/unregistered/uil__2023-07-25__16:58:30.473672.png,1/unregistered/uir__2023-07-25__16:58:30.473672.png,1/registered/ril__2023-07-25__16:58:30.473672.png,1/registered/rir__2023-07-25__16:58:30.473672.png,12.5153989389419,0.38166407 0.40073889,0.48058823 0.41364026,0.42741615 0.50434694,0.42788988 0.47713643,0.52282941 0.36805001,0.61879724 0.37971556,0.57088065 0.47199203,0.57155758 0.44313303
289,2023-07-25 16:57:59.812955,124.7981853121764,179.6169345341572,1,167.0,1/unregistered/uil__2023-07-25__16:57:59.812955.png,1/unregistered/uir__2023-07-25__16:57:59.812955.png,1/registered/ril__2023-07-25__16:57:59.812955.png,1/registered/rir__2023-07-25__16:57:59.812955.png,12.616934534157195,0.37789276 0.36836576,0.49360591 0.38662392,0.42673646 0.48282376,0.42550981 0.44643241,0.55024338 0.3351377,0.66550916 0.35082051,0.60375682 0.44936176,0.60529321 0.41313806
302,2023-07-25 16:58:22.181067,145.61233736935847,179.61746111908028,1,167.0,1/unregistered/uil__2023-07-25__16:58:22.181067.png,1/unregistered/uir__2023-07-25__16:58:22.181067.png,1/registered/ril__2023-07-25__16:58:22.181067.png,1/registered/rir__2023-07-25__16:58:22.181067.png,12.617461119080275,0.41062319 0.39155483,0.51143008 0.40556264,0.45575075 0.49851103,0.45476726 0.46833301,0.55966729 0.36083785,0.65993083 0.37398466,0.60773396 0.46730593,0.60794795 0.43656129
291,2023-07-25 16:58:01.825568,125.902486145198,179.7650652266316,1,167.0,1/unregistered/uil__2023-07-25__16:58:01.825568.png,1/unregistered/uir__2023-07-25__16:58:01.825568.png,1/registered/ril__2023-07-25__16:58:01.825568.png,1/registered/rir__2023-07-25__16:58:01.825568.png,12.765065226631606,0.38567171 0.36864001,0.49974844 0.38520929,0.43286949 0.4826418,0.43257925 0.44754156,0.55627871 0.33418369,0.67042148 0.34991005,0.60891628 0.44818437,0.61080492 0.41258866
245,2023-07-25 17:00:16.993419,128.05716051185422,171.03784118289246,2,171.0,2/unregistered/uil__2023-07-25__17:00:16.993419.png,2/unregistered/uir__2023-07-25__17:00:16.993419.png,2/registered/ril__2023-07-25__17:00:16.993419.png,2/registered/rir__2023-07-25__17:00:16.993419.png,0.037841182892464076,0.3272633 0.48631161,0.43617299 0.48834878,0.37273251 0.60317615,0.37153497 0.55774516,0.49429944 0.45483646,0.60473967 0.45428663,0.54673097 0.57017893,0.54689348 0.52611101
213,2023-07-25 16:59:33.856207,120.407903381333,170.90928960801685,2,171.0,2/unregistered/uil__2023-07-25__16:59:33.856207.png,2/unregistered/uir__2023-07-25__16:59:33.856207.png,2/registered/ril__2023-07-25__16:59:33.856207.png,2/registered/rir__2023-07-25__16:59:33.856207.png,0.09071039198315134,0.32722515 0.48688856,0.44182831 0.48638025,0.37692565 0.60804775,0.37518832 0.55946362,0.50444555 0.45454094,0.62088728 0.45203152,0.56229258 0.57612905,0.56168163 0.52842933
244,2023-07-25 17:00:15.817123,129.21885561773323,171.16724672966095,2,171.0,2/unregistered/uil__2023-07-25__17:00:15.817123.png,2/unregistered/uir__2023-07-25__17:00:15.817123.png,2/registered/ril__2023-07-25__17:00:15.817123.png,2/registered/rir__2023-07-25__17:00:15.817123.png,0.16724672966094545,0.32748106 0.48553947,0.43663117 0.48662481,0.37296228 0.60009027,0.37166926 0.55577123,0.49292845 0.45322934,0.60394025 0.45189011,0.54534435 0.56766191,0.54562384 0.52459806
231,2023-07-25 16:59:55.260392,189.0865430527668,170.83003149277687,2,171.0,2/unregistered/uil__2023-07-25__16:59:55.260392.png,2/unregistered/uir__2023-07-25__16:59:55.260392.png,2/registered/ril__2023-07-25__16:59:55.260392.png,2/registered/rir__2023-07-25__16:59:55.260392.png,0.16996850722313184,0.70558065 0.49907666,0.78288108 0.50331265,0.73988011 0.5849705,0.73936462 0.55466896,0.81782222 0.4656468,0.8978532 0.46948504,0.85634714 0.55177465,0.85784853 0.52166724
242,2023-07-25 17:00:13.450147,121.01840442630764,171.19369934528288,2,171.0,2/unregistered/uil__2023-07-25__17:00:13.450147.png,2/unregistered/uir__2023-07-25__17:00:13.450147.png,2/registered/ril__2023-07-25__17:00:13.450147.png,2/registered/rir__2023-07-25__17:00:13.450147.png,0.19369934528288013,0.1962823 0.48817945,0.31151316 0.47803259,0.25019097 0.59498042,0.24492344 0.54962999,0.37483737 0.45635837,0.48699689 0.44513825,0.43380481 0.56386095,0.43125445 0.51730424
225,2023-07-25 16:59:46.979660,114.83722482064046,171.22690500921416,2,171.0,2/unregistered/uil__2023-07-25__16:59:46.979660.png,2/unregistered/uir__2023-07-25__16:59:46.979660.png,2/registered/ril__2023-07-25__16:59:46.979660.png,2/registered/rir__2023-07-25__16:59:46.979660.png,0.226905009214164,0.31251669 0.48313272,0.43242764 0.47766501,0.36628456 0.60620156,0.36298719 0.55585754,0.49858347 0.4505083,0.61976552 0.44200027,0.56115159 0.57291862,0.55916399 0.52532458
239,2023-07-25 17:00:09.770281,296.1477135162945,170.7008337527009,2,171.0,2/unregistered/uil__2023-07-25__17:00:09.770281.png,2/unregistered/uir__2023-07-25__17:00:09.770281.png,2/registered/ril__2023-07-25__17:00:09.770281.png,2/registered/rir__2023-07-25__17:00:09.770281.png,0.29916624729909813,0.4541997 0.50781989,0.51106948 0.51308656,0.47593968 0.56886438,0.47646219 0.54586476,0.5271908 0.47578084,0.58451313 0.48051673,0.55100372 0.53724271,0.55093503 0.51516998
212,2023-07-25 16:59:32.860012,120.47386487660226,171.3310899935224,2,171.0,2/unregistered/uil__2023-07-25__16:59:32.860012.png,2/unregistered/uir__2023-07-25__16:59:32.860012.png,2/registered/ril__2023-07-25__16:59:32.860012.png,2/registered/rir__2023-07-25__16:59:32.860012.png,0.3310899935223972,0.32573184 0.48256335,0.44315541 0.47965926,0.37964964 0.60222307,0.37562618 0.54940057,0.50378942 0.4497,0.62044579 0.44656608,0.56396756 0.56997889,0.5628891 0.52154148
226,2023-07-25 16:59:48.086569,123.41683150446292,170.6686177315974,2,171.0,2/unregistered/uil__2023-07-25__16:59:48.086569.png,2/unregistered/uir__2023-07-25__16:59:48.086569.png,2/registered/ril__2023-07-25__16:59:48.086569.png,2/registered/rir__2023-07-25__16:59:48.086569.png,0.3313822684025922,0.42341122 0.48858079,0.53466803 0.4927294,0.46592969 0.61104366,0.4655965 0.5630306,0.59749711 0.45524377,0.71153694 0.45667481,0.64692023 0.57633752,0.64571011 0.52833629
220,2023-07-25 16:59:41.972756,170.0768740220589,171.33499730590756,2,171.0,2/unregistered/uil__2023-07-25__16:59:41.972756.png,2/unregistered/uir__2023-07-25__16:59:41.972756.png,2/registered/ril__2023-07-25__16:59:41.972756.png,2/registered/rir__2023-07-25__16:59:41.972756.png,0.3349973059075637,0.34845206 0.49614632,0.43510777 0.49154225,0.3883819 0.582297,0.38699633 0.54856682,0.47570971 0.46417499,0.56198227 0.45806557,0.5191775 0.55097756,0.51750779 0.5157972
232,2023-07-25 17:00:01.079032,104.84154086683836,170.65597199514625,2,171.0,2/unregistered/uil__2023-07-25__17:00:01.079032.png,2/unregistered/uir__2023-07-25__17:00:01.079032.png,2/registered/ril__2023-07-25__17:00:01.079032.png,2/registered/rir__2023-07-25__17:00:01.079032.png,0.3440280048537545,0.32186711 0.48523742,0.45269445 0.48432207,0.37848878 0.62084007,0.37657294 0.56568938,0.52447468 0.4523904,0.65642834 0.44963214,0.59294111 0.58819479,0.59217244 0.53688383
243,2023-07-25 17:00:14.625405,130.7004676784776,171.44188535680036,2,171.0,2/unregistered/uil__2023-07-25__17:00:14.625405.png,2/unregistered/uir__2023-07-25__17:00:14.625405.png,2/registered/ril__2023-07-25__17:00:14.625405.png,2/registered/rir__2023-07-25__17:00:14.625405.png,0.44188535680035557,0.33332253 0.48362935,0.44083175 0.48276019,0.3770614 0.59526074,0.37617075 0.55052501,0.4974204 0.45155501,0.60613441 0.44953787,0.54897609 0.5632917,0.54710454 0.51843268
230,2023-07-25 16:59:54.068231,188.54698645470063,171.51271903020347,2,171.0,2/unregistered/uil__2023-07-25__16:59:54.068231.png,2/unregistered/uir__2023-07-25__16:59:54.068231.png,2/registered/ril__2023-07-25__16:59:54.068231.png,2/registered/rir__2023-07-25__16:59:54.068231.png,0.5127190302034705,0.4104329 0.49439773,0.49036941 0.49638906,0.44708209 0.58073378,0.44609052 0.54916602,0.52372634 0.4627102,0.60427511 0.46395025,0.56393021 0.5488306,0.56539547 0.51719236
229,2023-07-25 16:59:52.882081,182.20649358690093,171.5144934934512,2,171.0,2/unregistered/uil__2023-07-25__16:59:52.882081.png,2/unregistered/uir__2023-07-25__16:59:52.882081.png,2/registered/ril__2023-07-25__16:59:52.882081.png,2/registered/rir__2023-07-25__16:59:52.882081.png,0.514493493451198,0.35128286 0.49451971,0.43374911 0.49418306,0.38722405 0.58100861,0.3852832 0.54895973,0.46865889 0.46338311,0.55151695 0.46091953,0.50925472 0.54923218,0.50787097 0.51620102
221,2023-07-25 16:59:42.985304,117.26134234762672,170.46645899393351,2,171.0,2/unregistered/uil__2023-07-25__16:59:42.985304.png,2/unregistered/uir__2023-07-25__16:59:42.985304.png,2/registered/ril__2023-07-25__16:59:42.985304.png,2/registered/rir__2023-07-25__16:59:42.985304.png,0.5335410060664856,0.37692168 0.49351698,0.49268636 0.48965836,0.42928128 0.61346433,0.42504591 0.56543779,0.55830246 0.46125996,0.67686099 0.45542064,0.61853486 0.58201116,0.61748391 0.53231156
3,2023-07-25 16:50:18.567774,239.9975322729868,167.91486131606518,3,168.0,3/unregistered/uil__2023-07-25__16:50:18.567774.png,3/unregistered/uir__2023-07-25__16:50:18.567774.png,3/registered/ril__2023-07-25__16:50:18.567774.png,3/registered/rir__2023-07-25__16:50:18.567774.png,0.08513868393481516,0.54541147 0.5280174,0.61879301 0.52289486,0.58590814 0.59139144,0.58582437 0.56615722,0.63619769 0.49592954,0.70744085 0.48814642,0.67811549 0.55992389,0.67832762 0.5344283
35,2023-07-25 16:50:53.848715,190.9087837312996,167.66371661224656,3,168.0,3/unregistered/uil__2023-07-25__16:50:53.848715.png,3/unregistered/uir__2023-07-25__16:50:53.848715.png,3/registered/ril__2023-07-25__16:50:53.848715.png,3/registered/rir__2023-07-25__16:50:53.848715.png,0.3362833877534399,0.44990858 0.52941149,0.53308553 0.52595586,0.49366076 0.61174273,0.49319145 0.57968903,0.56301433 0.49658924,0.64562291 0.49332556,0.60864934 0.57815397,0.61012232 0.54834443
0,2023-07-25 16:50:15.554372,134.48289839045927,167.6439371563754,3,168.0,3/unregistered/uil__2023-07-25__16:50:15.554372.png,3/unregistered/uir__2023-07-25__16:50:15.554372.png,3/registered/ril__2023-07-25__16:50:15.554372.png,3/registered/rir__2023-07-25__16:50:15.554372.png,0.3560628436246134,0.53315687 0.53135997,0.64439547 0.52681381,0.59224421 0.62976149,0.59145254 0.59024459,0.69281131 0.49735686,0.80350989 0.48937359,0.75709197 0.59417862,0.75696021 0.5535633
34,2023-07-25 16:50:52.664278,161.0786828253737,167.53844206907075,3,168.0,3/unregistered/uil__2023-07-25__16:50:52.664278.png,3/unregistered/uir__2023-07-25__16:50:52.664278.png,3/registered/ril__2023-07-25__16:50:52.664278.png,3/registered/rir__2023-07-25__16:50:52.664278.png,0.4615579309292457,0.45633766 0.53114522,0.55766642 0.52771825,0.50500819 0.61742109,0.50248682 0.5799433,0.59015459 0.4986603,0.69077629 0.49403879,0.64192161 0.58453259,0.64138329 0.5499537
1,2023-07-25 16:50:16.562511,137.09526266681203,167.46362859260987,3,168.0,3/unregistered/uil__2023-07-25__16:50:16.562511.png,3/unregistered/uir__2023-07-25__16:50:16.562511.png,3/registered/ril__2023-07-25__16:50:16.562511.png,3/registered/rir__2023-07-25__16:50:16.562511.png,0.5363714073901349,0.5227595 0.53408641,0.63252026 0.5280928,0.58193123 0.63207498,0.58054012 0.59362322,0.68087977 0.49980283,0.7878688 0.49097401,0.74278185 0.5968222,0.7443276 0.55765235
58,2023-07-25 16:51:21.006472,153.8921765953302,168.8643203703371,3,168.0,3/unregistered/uil__2023-07-25__16:51:21.006472.png,3/unregistered/uir__2023-07-25__16:51:21.006472.png,3/registered/ril__2023-07-25__16:51:21.006472.png,3/registered/rir__2023-07-25__16:51:21.006472.png,0.8643203703371114,0.43066198 0.52087283,0.53430992 0.51112902,0.48673762 0.60416064,0.48227534 0.56793249,0.56981629 0.4868246,0.67213655 0.47766283,0.63030982 0.57067114,0.62862039 0.53477579
33,2023-07-25 16:50:51.472177,128.3418200112982,169.11202253869493,3,168.0,3/unregistered/uil__2023-07-25__16:50:51.472177.png,3/unregistered/uir__2023-07-25__16:50:51.472177.png,3/registered/ril__2023-07-25__16:50:51.472177.png,3/registered/rir__2023-07-25__16:50:51.472177.png,1.11202253869493,0.47510859 0.51468658,0.59146655 0.50766194,0.53693035 0.62172231,0.53629166 0.57894051,0.64244902 0.47955844,0.75717366 0.47186366,0.71078327 0.58637446,0.71109354 0.5436334
22,2023-07-25 16:50:38.261030,173.96521613951663,169.36093074628215,3,168.0,3/unregistered/uil__2023-07-25__16:50:38.261030.png,3/unregistered/uir__2023-07-25__16:50:38.261030.png,3/registered/ril__2023-07-25__16:50:38.261030.png,3/registered/rir__2023-07-25__16:50:38.261030.png,1.3609307462821505,0.60740554 0.51424485,0.69692898 0.51076877,0.65642348 0.59081948,0.65542233 0.55745047,0.73130965 0.48163837,0.82006651 0.47548187,0.78274605 0.55892235,0.78353012 0.52790076
15,2023-07-25 16:50:30.765457,190.2196320125488,169.37805182796845,3,168.0,3/unregistered/uil__2023-07-25__16:50:30.765457.png,3/unregistered/uir__2023-07-25__16:50:30.765457.png,3/registered/ril__2023-07-25__16:50:30.765457.png,3/registered/rir__2023-07-25__16:50:30.765457.png,1.3780518279684486,0.33043864 0.51189381,0.41696683 0.51495183,0.37075107 0.59300715,0.36937591 0.56191355,0.44354448 0.47902018,0.52889043 0.48237127,0.48663944 0.56041339,0.487753 0.53092784
32,2023-07-25 16:50:50.295974,145.96283695265845,169.71343076585975,3,168.0,3/unregistered/uil__2023-07-25__16:50:50.295974.png,3/unregistered/uir__2023-07-25__16:50:50.295974.png,3/registered/ril__2023-07-25__16:50:50.295974.png,3/registered/rir__2023-07-25__16:50:50.295974.png,1.713430765859755,0.2979759 0.50723255,0.40444368 0.50537986,0.34963396 0.60237235,0.34681934 0.56341189,0.44568607 0.47526395,0.5495733 0.47232378,0.50173157 0.56971943,0.50107938 0.53146547
17,2023-07-25 16:50:32.760626,194.07897203368347,169.76251949744972,3,168.0,3/unregistered/uil__2023-07-25__16:50:32.760626.png,3/unregistered/uir__2023-07-25__16:50:32.760626.png,3/registered/ril__2023-07-25__16:50:32.760626.png,3/registered/rir__2023-07-25__16:50:32.760626.png,1.7625194974497163,0.35371104 0.51092398,0.43843856 0.51010418,0.39546208 0.58618483,0.39464951 0.55801439,0.46507025 0.47883874,0.54828256 0.47735134,0.50985348 0.55303195,0.50950176 0.52377683
57,2023-07-25 16:51:19.837624,143.9185245828525,169.80683019170493,3,168.0,3/unregistered/uil__2023-07-25__16:51:19.837624.png,3/unregistered/uir__2023-07-25__16:51:19.837624.png,3/registered/ril__2023-07-25__16:51:19.837624.png,3/registered/rir__2023-07-25__16:51:19.837624.png,1.8068301917049325,0.38644871 0.51233351,0.4944129 0.49769554,0.44694503 0.60091963,0.44268617 0.56318521,0.53765345 0.47825763,0.64166766 0.46337479,0.6011093 0.56684867,0.59780526 0.52888262
2,2023-07-25 16:50:17.582098,187.8777909415465,169.8897081765788,3,168.0,3/unregistered/uil__2023-07-25__16:50:17.582098.png,3/unregistered/uir__2023-07-25__16:50:17.582098.png,3/registered/ril__2023-07-25__16:50:17.582098.png,3/registered/rir__2023-07-25__16:50:17.582098.png,1.8897081765788073,0.43423235 0.51270056,0.52260464 0.50523436,0.4822965 0.58446315,0.48157313 0.55472821,0.55002701 0.47845283,0.6357016 0.47025293,0.60000387 0.55070645,0.60013855 0.52079535
50,2023-07-25 16:51:11.542902,213.7487992028876,169.9036123287351,3,168.0,3/unregistered/uil__2023-07-25__16:51:11.542902.png,3/unregistered/uir__2023-07-25__16:51:11.542902.png,3/registered/ril__2023-07-25__16:51:11.542902.png,3/registered/rir__2023-07-25__16:51:11.542902.png,1.9036123287351074,0.52162737 0.51159704,0.5959534 0.50998729,0.55683127 0.57665107,0.55675524 0.55159545,0.62260503 0.47871748,0.69634926 0.47460437,0.6605854 0.54274791,0.66047537 0.5174523
60,2023-07-25 16:51:23.356177,225.3886843180269,169.96245867620166,3,168.0,3/unregistered/uil__2023-07-25__16:51:23.356177.png,3/unregistered/uir__2023-07-25__16:51:23.356177.png,3/registered/ril__2023-07-25__16:51:23.356177.png,3/registered/rir__2023-07-25__16:51:23.356177.png,1.9624586762016634,0.50681388 0.51564574,0.58207428 0.50656831,0.5517675 0.57597655,0.55057883 0.54980212,0.60409737 0.48189157,0.67588633 0.47259068,0.64957717 0.54319763,0.64920747 0.51877868
250,2023-07-25 17:09:35.734388,175.6562903901662,153.68186088457884,4,155.0,4/unregistered/uil__2023-07-25__17:09:35.734388.png,4/unregistered/uir__2023-07-25__17:09:35.734388.png,4/registered/ril__2023-07-25__17:09:35.734388.png,4/registered/rir__2023-07-25__17:09:35.734388.png,1.318139115421161,0.37249342 0.65437555,0.45508409 0.65355945,0.40687318 0.75131458,0.40568069 0.71925348,0.4949601 0.62314928,0.57942683 0.62186968,0.53349689 0.72007912,0.53105378 0.68796128
248,2023-07-25 17:09:33.727558,175.61891438417004,153.61927780941062,4,155.0,4/unregistered/uil__2023-07-25__17:09:33.727558.png,4/unregistered/uir__2023-07-25__17:09:33.727558.png,4/registered/ril__2023-07-25__17:09:33.727558.png,4/registered/rir__2023-07-25__17:09:33.727558.png,1.3807221905893812,0.39740703 0.65714931,0.48185048 0.65196919,0.43908365 0.75209332,0.43692952 0.72014445,0.5204519 0.62662905,0.60508186 0.62047464,0.56527397 0.72100353,0.56329215 0.69129801
258,2023-07-25 17:09:43.827443,161.93025832121367,153.44043342167595,4,155.0,4/unregistered/uil__2023-07-25__17:09:43.827443.png,4/unregistered/uir__2023-07-25__17:09:43.827443.png,4/registered/ril__2023-07-25__17:09:43.827443.png,4/registered/rir__2023-07-25__17:09:43.827443.png,1.559566578324052,0.38908979 0.66104943,0.47640657 0.67348909,0.42742977 0.7715148,0.43277085 0.73861313,0.52306193 0.63055933,0.60901415 0.64178848,0.5645856 0.74001479,0.56972027 0.70747554
253,2023-07-25 17:09:38.757784,177.11226016811153,153.37878850148377,4,155.0,4/unregistered/uil__2023-07-25__17:09:38.757784.png,4/unregistered/uir__2023-07-25__17:09:38.757784.png,4/registered/ril__2023-07-25__17:09:38.757784.png,4/registered/rir__2023-07-25__17:09:38.757784.png,1.6212114985162316,0.41839248 0.65496886,0.50209916 0.65626329,0.45568176 0.75641194,0.45462355 0.72227353,0.54030716 0.62324536,0.62315208 0.62473029,0.58070591 0.72555447,0.58043247 0.69123065
249,2023-07-25 17:09:34.746632,173.27147424076668,153.14637248645676,4,155.0,4/unregistered/uil__2023-07-25__17:09:34.746632.png,4/unregistered/uir__2023-07-25__17:09:34.746632.png,4/registered/ril__2023-07-25__17:09:34.746632.png,4/registered/rir__2023-07-25__17:09:34.746632.png,1.8536275135432447,0.38163453 0.6612581,0.46545196 0.66001725,0.42046949 0.76041049,0.4182846 0.72821468,0.50651288 0.63076377,0.59064019 0.62838084,0.54766229 0.73003051,0.54667938 0.69858491
263,2023-07-25 17:09:53.480864,234.3542255174748,153.090863125534,4,155.0,4/unregistered/uil__2023-07-25__17:09:53.480864.png,4/unregistered/uir__2023-07-25__17:09:53.480864.png,4/registered/ril__2023-07-25__17:09:53.480864.png,4/registered/rir__2023-07-25__17:09:53.480864.png,1.909136874465986,0.43464363 0.62228328,0.50242192 0.62898117,0.46218416 0.70167613,0.46523789 0.67668253,0.52695072 0.59086394,0.59461236 0.59775168,0.55758819 0.67143071,0.55924523 0.64755785
251,2023-07-25 17:09:36.751803,174.01049322365753,153.0666748052136,4,155.0,4/unregistered/uil__2023-07-25__17:09:36.751803.png,4/unregistered/uir__2023-07-25__17:09:36.751803.png,4/registered/ril__2023-07-25__17:09:36.751803.png,4/registered/rir__2023-07-25__17:09:36.751803.png,1.9333251947863914,0.41158181 0.65851414,0.49594662 0.6630587,0.44623648 0.76063114,0.44650912 0.7291435,0.53502399 0.62648427,0.61897171 0.63105291,0.57375729 0.72900164,0.57527232 0.69965822
247,2023-07-25 17:09:30.689864,111.77440018483249,152.9405460523746,4,155.0,4/unregistered/uil__2023-07-25__17:09:30.689864.png,4/unregistered/uir__2023-07-25__17:09:30.689864.png,4/registered/ril__2023-07-25__17:09:30.689864.png,4/registered/rir__2023-07-25__17:09:30.689864.png,2.0594539476254,0.39465445 0.7407673,0.51624054 0.73570883,0.45550133 0.88751975,0.45397326 0.84073788,0.58920765 0.70862782,0.70965445 0.70211613,0.65425754 0.85319883,0.65364766 0.8094064
252,2023-07-25 17:09:37.749164,179.11714064353492,152.90987798258593,4,155.0,4/unregistered/uil__2023-07-25__17:09:37.749164.png,4/unregistered/uir__2023-07-25__17:09:37.749164.png,4/registered/ril__2023-07-25__17:09:37.749164.png,4/registered/rir__2023-07-25__17:09:37.749164.png,2.0901220174140747,0.42885113 0.65704775,0.51126641 0.65954882,0.46613201 0.75636071,0.46519011 0.72557271,0.5487299 0.6254217,0.63160449 0.62746906,0.5896433 0.72498792,0.5896309 0.69594538
255,2023-07-25 17:09:40.779443,240.40737450623487,152.7621467737565,4,155.0,4/unregistered/uil__2023-07-25__17:09:40.779443.png,4/unregistered/uir__2023-07-25__17:09:40.779443.png,4/registered/ril__2023-07-25__17:09:40.779443.png,4/registered/rir__2023-07-25__17:09:40.779443.png,2.2378532262434874,0.42203513 0.62390435,0.48752755 0.62661749,0.45195428 0.69861105,0.45267719 0.67680281,0.51241237 0.59449577,0.57659835 0.59605116,0.54378229 0.66904625,0.54544157 0.64757812
256,2023-07-25 17:09:41.796065,264.2830365265143,152.65348444801754,4,155.0,4/unregistered/uil__2023-07-25__17:09:41.796065.png,4/unregistered/uir__2023-07-25__17:09:41.796065.png,4/registered/ril__2023-07-25__17:09:41.796065.png,4/registered/rir__2023-07-25__17:09:41.796065.png,2.3465155519824634,0.48271015 0.61337399,0.54202104 0.62031549,0.50701779 0.68408653,0.50927562 0.66145849,0.56375766 0.58165407,0.62381291 0.58924484,0.59045157 0.65277624,0.59280568 0.63115138
260,2023-07-25 17:09:48.709540,162.45216395675703,152.65267251193046,4,155.0,4/unregistered/uil__2023-07-25__17:09:48.709540.png,4/unregistered/uir__2023-07-25__17:09:48.709540.png,4/registered/ril__2023-07-25__17:09:48.709540.png,4/registered/rir__2023-07-25__17:09:48.709540.png,2.3473274880695385,0.18553433 0.66853744,0.27925593 0.68044347,0.22210844 0.77693626,0.22662528 0.74670678,0.31940594 0.6385265,0.4096972 0.64892387,0.35929585 0.74613214,0.36583883 0.71582913
246,2023-07-25 17:09:29.689214,108.21184114087173,152.5174176852627,4,155.0,4/unregistered/uil__2023-07-25__17:09:29.689214.png,4/unregistered/uir__2023-07-25__17:09:29.689214.png,4/registered/ril__2023-07-25__17:09:29.689214.png,4/registered/rir__2023-07-25__17:09:29.689214.png,2.4825823147373,0.41864365 0.75274968,0.54245359 0.7501573,0.47852622 0.90492055,0.47746032 0.85721564,0.61914092 0.71960747,0.74116594 0.71506411,0.68315145 0.86935645,0.68504596 0.82390797
265,2023-07-25 17:09:55.894486,164.80430155945015,152.41575078131885,4,155.0,4/unregistered/uil__2023-07-25__17:09:55.894486.png,4/unregistered/uir__2023-07-25__17:09:55.894486.png,4/registered/ril__2023-07-25__17:09:55.894486.png,4/registered/rir__2023-07-25__17:09:55.894486.png,2.584249218681151,0.42628643 0.67073047,0.51291448 0.67853308,0.46359141 0.77394012,0.46838126 0.74454588,0.55863011 0.63786942,0.64336568 0.64510864,0.59678036 0.73946533,0.60350132 0.71052659
268,2023-07-25 17:10:01.927837,173.678586037782,152.17985579753827,4,155.0,4/unregistered/uil__2023-07-25__17:10:01.927837.png,4/unregistered/uir__2023-07-25__17:10:01.927837.png,4/registered/ril__2023-07-25__17:10:01.927837.png,4/registered/rir__2023-07-25__17:10:01.927837.png,2.8201442024617336,0.44151458 0.66509223,0.52666551 0.6731708,0.47705863 0.76481009,0.47985631 0.74024427,0.56622541 0.63349497,0.65184718 0.64152867,0.60477933 0.73274431,0.6072008 0.7090745
316,2023-07-25 17:55:34.910758,133.91852678799518,170.15427607019245,5,170.0,5/unregistered/uil__2023-07-25__17:55:34.910758.png,5/unregistered/uir__2023-07-25__17:55:34.910758.png,5/registered/ril__2023-07-25__17:55:34.910758.png,5/registered/rir__2023-07-25__17:55:34.910758.png,0.15427607019245215,0.41509545 0.50706279,0.52063316 0.49178076,0.47203226 0.6057716,0.46688962 0.57512474,0.57670844 0.47209108,0.68331116 0.45644352,0.63839346 0.57158709,0.63244057 0.54072082
329,2023-07-25 17:56:00.079856,159.462426745491,169.77771315513243,5,170.0,5/unregistered/uil__2023-07-25__17:56:00.079856.png,5/unregistered/uir__2023-07-25__17:56:00.079856.png,5/registered/ril__2023-07-25__17:56:00.079856.png,5/registered/rir__2023-07-25__17:56:00.079856.png,0.22228684486756833,0.36006612 0.50904995,0.45366925 0.50543302,0.40739223 0.59850189,0.4038955 0.5715974,0.49566865 0.47508678,0.58948272 0.47141799,0.54626405 0.56515193,0.54415655 0.53889322
324,2023-07-25 17:55:50.644052,117.94812721377713,170.3108546372284,5,170.0,5/unregistered/uil__2023-07-25__17:55:50.644052.png,5/unregistered/uir__2023-07-25__17:55:50.644052.png,5/registered/ril__2023-07-25__17:55:50.644052.png,5/registered/rir__2023-07-25__17:55:50.644052.png,0.31085463722840245,0.33873618 0.49082601,0.46212134 0.49691525,0.39515822 0.61422053,0.39496154 0.57775998,0.52393436 0.45532522,0.64673311 0.46129748,0.58430043 0.57964653,0.58350205 0.54108763
317,2023-07-25 17:55:35.910187,133.0304707814944,170.38997454642274,5,170.0,5/unregistered/uil__2023-07-25__17:55:35.910187.png,5/unregistered/uir__2023-07-25__17:55:35.910187.png,5/registered/ril__2023-07-25__17:55:35.910187.png,5/registered/rir__2023-07-25__17:55:35.910187.png,0.3899745464227351,0.41724086 0.50526816,0.52325594 0.4876242,0.47610463 0.60236171,0.46965304 0.57108158,0.57928336 0.4701702,0.68671352 0.45267868,0.64253828 0.56874901,0.63772839 0.53702521
318,2023-07-25 17:55:36.941857,135.43284044501948,170.490382728523,5,170.0,5/unregistered/uil__2023-07-25__17:55:36.941857.png,5/unregistered/uir__2023-07-25__17:55:36.941857.png,5/registered/ril__2023-07-25__17:55:36.941857.png,5/registered/rir__2023-07-25__17:55:36.941857.png,0.49038272852300224,0.4316763 0.50507325,0.53594989 0.48648041,0.48988108 0.59919459,0.48395109 0.56877273,0.59015179 0.46956462,0.69620854 0.45186073,0.65466699 0.56425819,0.64956409 0.53224701
321,2023-07-25 17:55:41.955449,113.49197411925796,169.33816309159727,5,170.0,5/unregistered/uil__2023-07-25__17:55:41.955449.png,5/unregistered/uir__2023-07-25__17:55:41.955449.png,5/registered/ril__2023-07-25__17:55:41.955449.png,5/registered/rir__2023-07-25__17:55:41.955449.png,0.6618369084027336,0.38119781 0.50727665,0.50600314 0.50517106,0.44388217 0.63020104,0.44025013 0.59149688,0.57241112 0.47189283,0.69566524 0.46996418,0.6406303 0.59451121,0.63781095 0.55658603
315,2023-07-25 17:55:33.901600,138.3765067411497,170.9810623081114,5,170.0,5/unregistered/uil__2023-07-25__17:55:33.901600.png,5/unregistered/uir__2023-07-25__17:55:33.901600.png,5/registered/ril__2023-07-25__17:55:33.901600.png,5/registered/rir__2023-07-25__17:55:33.901600.png,0.9810623081114045,0.44262201 0.49340835,0.54714561 0.48815417,0.49455023 0.59553772,0.49026579 0.56214434,0.59906596 0.45719737,0.70438194 0.45339948,0.65554526 0.56149039,0.65067726 0.5278877
325,2023-07-25 17:55:51.821780,115.98018913033052,168.96012730077996,5,170.0,5/unregistered/uil__2023-07-25__17:55:51.821780.png,5/unregistered/uir__2023-07-25__17:55:51.821780.png,5/registered/ril__2023-07-25__17:55:51.821780.png,5/registered/rir__2023-07-25__17:55:51.821780.png,1.0398726992200409,0.34343904 0.51438481,0.46837655 0.50918669,0.40867145 0.63288909,0.40370369 0.5972501,0.52930784 0.47907487,0.65223593 0.47565794,0.60019329 0.59946921,0.59784728 0.56426448
311,2023-07-25 17:55:27.935678,127.25700350599992,168.79580935401114,5,170.0,5/unregistered/uil__2023-07-25__17:55:27.935678.png,5/unregistered/uir__2023-07-25__17:55:27.935678.png,5/registered/ril__2023-07-25__17:55:27.935678.png,5/registered/rir__2023-07-25__17:55:27.935678.png,1.2041906459888594,0.37361917 0.52649438,0.48525596 0.50348961,0.44151898 0.63108361,0.43483552 0.59896493,0.54405683 0.49277654,0.65625012 0.469163,0.61563212 0.59793717,0.61044025 0.5660491
312,2023-07-25 17:55:29.903589,130.47137707075075,171.28467768914615,5,170.0,5/unregistered/uil__2023-07-25__17:55:29.903589.png,5/unregistered/uir__2023-07-25__17:55:29.903589.png,5/registered/ril__2023-07-25__17:55:29.903589.png,5/registered/rir__2023-07-25__17:55:29.903589.png,1.2846776891461502,0.36274311 0.49177945,0.46911657 0.47827959,0.41307083 0.59369788,0.40850446 0.56121266,0.52719438 0.45732048,0.63657987 0.44293582,0.58481875 0.55997506,0.57869339 0.52718616
314,2023-07-25 17:55:31.922680,133.20962713018622,171.2860729533639,5,170.0,5/unregistered/uil__2023-07-25__17:55:31.922680.png,5/unregistered/uir__2023-07-25__17:55:31.922680.png,5/registered/ril__2023-07-25__17:55:31.922680.png,5/registered/rir__2023-07-25__17:55:31.922680.png,1.286072953363913,0.39978117 0.49019104,0.50726092 0.48147374,0.45317493 0.59289759,0.44870034 0.56088042,0.56252283 0.45481637,0.67036957 0.44605958,0.62029111 0.55813941,0.61554021 0.52479285
313,2023-07-25 17:55:30.898625,132.5847829286722,171.526374671833,5,170.0,5/unregistered/uil__2023-07-25__17:55:30.898625.png,5/unregistered/uir__2023-07-25__17:55:30.898625.png,5/registered/ril__2023-07-25__17:55:30.898625.png,5/registered/rir__2023-07-25__17:55:30.898625.png,1.526374671832997,0.39480773 0.48765427,0.50166482 0.47790241,0.44738199 0.589044,0.44316933 0.55623835,0.55769658 0.45274869,0.66574204 0.44208279,0.61570245 0.55444437,0.61088282 0.51994324
330,2023-07-25 17:56:01.261909,112.21242478025212,168.09832953482612,5,170.0,5/unregistered/uil__2023-07-25__17:56:01.261909.png,5/unregistered/uir__2023-07-25__17:56:01.261909.png,5/registered/ril__2023-07-25__17:56:01.261909.png,5/registered/rir__2023-07-25__17:56:01.261909.png,1.9016704651738792,0.47169405 0.52618843,0.5975402 0.52082521,0.54088512 0.64653593,0.53627169 0.60925585,0.66212183 0.4933598,0.7866444 0.48584798,0.74337348 0.61220348,0.736525 0.57477993
319,2023-07-25 17:55:39.939436,211.682932800213,172.2298859298609,5,170.0,5/unregistered/uil__2023-07-25__17:55:39.939436.png,5/unregistered/uir__2023-07-25__17:55:39.939436.png,5/registered/ril__2023-07-25__17:55:39.939436.png,5/registered/rir__2023-07-25__17:55:39.939436.png,2.229885929860899,0.48692518 0.49650133,0.56053036 0.49000466,0.52486482 0.56496939,0.5208984 0.54494762,0.58777821 0.4626388,0.66231912 0.45571434,0.62976518 0.53128308,0.62675983 0.50935459
322,2023-07-25 17:55:42.937158,62.861261204148704,167.6808504289381,5,170.0,5/unregistered/uil__2023-07-25__17:55:42.937158.png,5/unregistered/uir__2023-07-25__17:55:42.937158.png,5/registered/ril__2023-07-25__17:55:42.937158.png,5/registered/rir__2023-07-25__17:55:42.937158.png,2.3191495710618995,0.35407138 0.53479373,0.56590253 0.53107387,0.45551574 0.75112772,0.44836468 0.67939472,0.69289696 0.49886143,0.90799701 0.49448341,0.81283969 0.71503538,0.80728304 0.64762914
68,2023-07-25 17:57:23.834936,135.82217720160318,176.22998538685755,6,176.0,6/unregistered/uil__2023-07-25__17:57:23.834936.png,6/unregistered/uir__2023-07-25__17:57:23.834936.png,6/registered/ril__2023-07-25__17:57:23.834936.png,6/registered/rir__2023-07-25__17:57:23.834936.png,0.22998538685754966,0.39975405 0.42492086,0.50880086 0.43296957,0.44940656 0.53400102,0.44808 0.49983469,0.55876356 0.39119437,0.66767055 0.39770621,0.6119155 0.49956191,0.61226159 0.46330374
75,2023-07-25 17:57:41.286473,95.05566723977589,176.70187314465858,6,176.0,6/unregistered/uil__2023-07-25__17:57:41.286473.png,6/unregistered/uir__2023-07-25__17:57:41.286473.png,6/registered/ril__2023-07-25__17:57:41.286473.png,6/registered/rir__2023-07-25__17:57:41.286473.png,0.7018731446585775,0.25203237 0.37791902,0.40419412 0.38195014,0.33035707 0.52803862,0.32715148 0.47829062,0.48146966 0.34098637,0.62909442 0.34531578,0.56193346 0.49419333,0.56378984 0.44558352
67,2023-07-25 17:57:22.841628,79.43616359981529,176.70875451353882,6,176.0,6/unregistered/uil__2023-07-25__17:57:22.841628.png,6/unregistered/uir__2023-07-25__17:57:22.841628.png,6/registered/ril__2023-07-25__17:57:22.841628.png,6/registered/rir__2023-07-25__17:57:22.841628.png,0.7087545135388211,0.23266274 0.34140691,0.40869325 0.36118111,0.30879886 0.52215412,0.30829972 0.46214664,0.50551939 0.30716926,0.67988259 0.32284227,0.58842787 0.48718987,0.59061569 0.42448083
65,2023-07-25 17:57:20.846035,147.049090254061,177.25868545237506,6,176.0,6/unregistered/uil__2023-07-25__17:57:20.846035.png,6/unregistered/uir__2023-07-25__17:57:20.846035.png,6/registered/ril__2023-07-25__17:57:20.846035.png,6/registered/rir__2023-07-25__17:57:20.846035.png,1.2586854523750617,0.29326957 0.42372009,0.39913917 0.42666653,0.34469382 0.52566627,0.34249446 0.49160203,0.44156241 0.38791326,0.54500753 0.38902172,0.495455 0.48942336,0.49454376 0.45434502
66,2023-07-25 17:57:21.848769,84.52404381530248,177.89326547837257,6,176.0,6/unregistered/uil__2023-07-25__17:57:21.848769.png,6/unregistered/uir__2023-07-25__17:57:21.848769.png,6/registered/ril__2023-07-25__17:57:21.848769.png,6/registered/rir__2023-07-25__17:57:21.848769.png,1.8932654783725695,0.35505888 0.33595848,0.51676369 0.34314764,0.42741719 0.50106275,0.4250702 0.4431681,0.6116817 0.30209294,0.77395374 0.30717126,0.68952873 0.46641538,0.69042492 0.4075436
74,2023-07-25 17:57:38.889366,154.39245298478298,178.22549132913068,6,176.0,6/unregistered/uil__2023-07-25__17:57:38.889366.png,6/unregistered/uir__2023-07-25__17:57:38.889366.png,6/registered/ril__2023-07-25__17:57:38.889366.png,6/registered/rir__2023-07-25__17:57:38.889366.png,2.2254913291306764,0.35844421 0.41857469,0.46016347 0.42146456,0.40592113 0.51828149,0.4042075 0.48299038,0.49881464 0.38546276,0.60000014 0.38717023,0.54892281 0.48394947,0.54902107 0.44956601
76,2023-07-25 17:57:42.458333,138.79544679481478,179.01993043664902,6,176.0,6/unregistered/uil__2023-07-25__17:57:42.458333.png,6/unregistered/uir__2023-07-25__17:57:42.458333.png,6/registered/ril__2023-07-25__17:57:42.458333.png,6/registered/rir__2023-07-25__17:57:42.458333.png,3.0199304366490196,0.43839723 0.39617357,0.54738307 0.40216818,0.48784961 0.50923839,0.48812628 0.46900532,0.59450012 0.36042333,0.70345986 0.36547804,0.64709735 0.4727606,0.64851528 0.43237907
73,2023-07-25 17:57:36.521127,156.5910714418868,179.2378632880846,6,176.0,6/unregistered/uil__2023-07-25__17:57:36.521127.png,6/unregistered/uir__2023-07-25__17:57:36.521127.png,6/registered/ril__2023-07-25__17:57:36.521127.png,6/registered/rir__2023-07-25__17:57:36.521127.png,3.237863288084611,0.67469478 0.40766287,0.76932949 0.41484675,0.71674043 0.50192353,0.71557099 0.47069696,0.81207705 0.37206787,0.90753573 0.37880498,0.85786998 0.46617612,0.8575809 0.4343656
62,2023-07-25 17:57:16.766473,162.98403915654487,179.38418965581042,6,176.0,6/unregistered/uil__2023-07-25__17:57:16.766473.png,6/unregistered/uir__2023-07-25__17:57:16.766473.png,6/registered/ril__2023-07-25__17:57:16.766473.png,6/registered/rir__2023-07-25__17:57:16.766473.png,3.3841896558104168,0.41151914 0.41516364,0.50609088 0.41341761,0.46058507 0.50899562,0.45674932 0.47712931,0.54495925 0.38037452,0.63951808 0.37758327,0.59561121 0.47490343,0.59377271 0.44227764
70,2023-07-25 17:57:29.049343,152.40960935124372,179.80449748834891,6,176.0,6/unregistered/uil__2023-07-25__17:57:29.049343.png,6/unregistered/uir__2023-07-25__17:57:29.049343.png,6/registered/ril__2023-07-25__17:57:29.049343.png,6/registered/rir__2023-07-25__17:57:29.049343.png,3.8044974883489147,0.46402791 0.39606452,0.56228155 0.40843529,0.50737885 0.49608354,0.50795442 0.46182266,0.60545301 0.36152321,0.70333195 0.37204424,0.65258521 0.46154377,0.65518934 0.42745355
64,2023-07-25 17:57:19.846522,157.12017335106026,179.830544797243,6,176.0,6/unregistered/uil__2023-07-25__17:57:19.846522.png,6/unregistered/uir__2023-07-25__17:57:19.846522.png,6/registered/ril__2023-07-25__17:57:19.846522.png,6/registered/rir__2023-07-25__17:57:19.846522.png,3.830544797242993,0.45259202 0.40217856,0.54873991 0.40915015,0.49743944 0.49756619,0.49558675 0.46553856,0.59014416 0.36846745,0.68672746 0.37336528,0.63756585 0.46355274,0.63752121 0.43197733
63,2023-07-25 17:57:17.779145,161.48850196492185,180.00090854143846,6,176.0,6/unregistered/uil__2023-07-25__17:57:17.779145.png,6/unregistered/uir__2023-07-25__17:57:17.779145.png,6/registered/ril__2023-07-25__17:57:17.779145.png,6/registered/rir__2023-07-25__17:57:17.779145.png,4.000908541438463,0.39453155 0.40529376,0.48982358 0.40914437,0.44030377 0.50437689,0.43750024 0.46809173,0.52811074 0.37080401,0.62324572 0.37409419,0.5779466 0.47023189,0.57590109 0.43482894
72,2023-07-25 17:57:35.339478,158.13967495350687,180.05103978694038,6,176.0,6/unregistered/uil__2023-07-25__17:57:35.339478.png,6/unregistered/uir__2023-07-25__17:57:35.339478.png,6/registered/ril__2023-07-25__17:57:35.339478.png,6/registered/rir__2023-07-25__17:57:35.339478.png,4.051039786940379,0.4554953 0.40259221,0.54851782 0.4058581,0.49417709 0.49498978,0.49295327 0.46265659,0.59125447 0.36760926,0.68679994 0.37035766,0.63549584 0.46051641,0.63303363 0.4274779
69,2023-07-25 17:57:24.830145,158.2509490245946,180.4457260413458,6,176.0,6/unregistered/uil__2023-07-25__17:57:24.830145.png,6/unregistered/uir__2023-07-25__17:57:24.830145.png,6/registered/ril__2023-07-25__17:57:24.830145.png,6/registered/rir__2023-07-25__17:57:24.830145.png,4.445726041345807,0.37064165 0.39623511,0.4682714 0.40448633,0.41568989 0.48980783,0.41508517 0.45759138,0.5076533 0.36229283,0.60439062 0.36928523,0.55498227 0.45550139,0.5563401 0.42376685
71,2023-07-25 17:57:34.128495,162.03741794433944,180.565635309918,6,176.0,6/unregistered/uil__2023-07-25__17:57:34.128495.png,6/unregistered/uir__2023-07-25__17:57:34.128495.png,6/registered/ril__2023-07-25__17:57:34.128495.png,6/registered/rir__2023-07-25__17:57:34.128495.png,4.565635309918008,0.21072045 0.40097395,0.30726168 0.40322408,0.25161469 0.492963,0.25007829 0.45997712,0.34359962 0.36823258,0.44035658 0.36862975,0.38939907 0.46039332,0.38680488 0.42640957
277,2023-07-26 21:32:51.551786,262.3391356491044,169.76991409452785,7,170.0,7/unregistered/uil__2023-07-26__21:32:51.551786.png,7/unregistered/uir__2023-07-26__21:32:51.551786.png,7/registered/ril__2023-07-26__21:32:51.551786.png,7/registered/rir__2023-07-26__21:32:51.551786.png,0.23008590547215135,0.42370436 0.5190866,0.48648891 0.50933576,0.46087624 0.58351701,0.45882088 0.56176293,0.50657642 0.48453361,0.56892371 0.47459915,0.5439353 0.54987431,0.54369712 0.52783334
278,2023-07-26 21:32:52.602276,259.55577531954486,170.33733044305671,7,170.0,7/unregistered/uil__2023-07-26__21:32:52.602276.png,7/unregistered/uir__2023-07-26__21:32:52.602276.png,7/registered/ril__2023-07-26__21:32:52.602276.png,7/registered/rir__2023-07-26__21:32:52.602276.png,0.33733044305671456,0.50382692 0.51130861,0.56686044 0.50996131,0.53540352 0.58104914,0.53542954 0.55874711,0.58727169 0.47853419,0.65098917 0.4757995,0.61956209 0.54852638,0.62138617 0.52406514
279,2023-07-26 21:32:57.616977,192.0840260862068,168.5839263714684,7,170.0,7/unregistered/uil__2023-07-26__21:32:57.616977.png,7/unregistered/uir__2023-07-26__21:32:57.616977.png,7/registered/ril__2023-07-26__21:32:57.616977.png,7/registered/rir__2023-07-26__21:32:57.616977.png,1.416073628531592,0.15358107 0.52469593,0.23884672 0.51546544,0.2000251 0.60939771,0.19791815 0.57972687,0.26726156 0.49173963,0.35024869 0.48227873,0.31459861 0.57733598,0.31463557 0.54847389
280,2023-07-26 21:32:59.625212,174.14834324687993,168.49533531979932,7,170.0,7/unregistered/uil__2023-07-26__21:32:59.625212.png,7/unregistered/uir__2023-07-26__21:32:59.625212.png,7/registered/ril__2023-07-26__21:32:59.625212.png,7/registered/rir__2023-07-26__21:32:59.625212.png,1.5046646802006762,0.37536973 0.52804661,0.46521643 0.51273429,0.42813697 0.61694831,0.42405728 0.58587265,0.49934155 0.49494955,0.58783412 0.47868112,0.55470467 0.58380178,0.55338633 0.55194122
274,2023-07-26 21:32:45.574404,94.9698778123996,168.3986597710942,7,170.0,7/unregistered/uil__2023-07-26__21:32:45.574404.png,7/unregistered/uir__2023-07-26__21:32:45.574404.png,7/registered/ril__2023-07-26__21:32:45.574404.png,7/registered/rir__2023-07-26__21:32:45.574404.png,1.6013402289057979,0.32052839 0.52261817,0.46992159 0.5138765,0.39637002 0.67971668,0.39671642 0.62822181,0.54889035 0.48937032,0.69501221 0.47719151,0.6299898 0.64437196,0.63451338 0.59275979
275,2023-07-26 21:32:46.566530,96.87826867527384,167.77511360232447,7,170.0,7/unregistered/uil__2023-07-26__21:32:46.566530.png,7/unregistered/uir__2023-07-26__21:32:46.566530.png,7/registered/ril__2023-07-26__21:32:46.566530.png,7/registered/rir__2023-07-26__21:32:46.566530.png,2.224886397675533,0.36805272 0.53269511,0.51495826 0.52444524,0.44417813 0.68724376,0.44444677 0.63640302,0.59229201 0.49988079,0.73337013 0.48668614,0.6727646 0.65124553,0.67843568 0.60118198
270,2023-07-26 21:32:40.503771,93.11669385147574,167.58439384280226,7,170.0,7/unregistered/uil__2023-07-26__21:32:40.503771.png,7/unregistered/uir__2023-07-26__21:32:40.503771.png,7/registered/ril__2023-07-26__21:32:40.503771.png,7/registered/rir__2023-07-26__21:32:40.503771.png,2.415606157197743,0.33048981 0.5374459,0.48340619 0.52647793,0.40859073 0.69958952,0.40835911 0.64617527,0.56449467 0.5036484,0.71240413 0.49078771,0.64484811 0.66362,0.65032929 0.60882854
271,2023-07-26 21:32:41.519443,93.86853744957256,167.55185970708294,7,170.0,7/unregistered/uil__2023-07-26__21:32:41.519443.png,7/unregistered/uir__2023-07-26__21:32:41.519443.png,7/registered/ril__2023-07-26__21:32:41.519443.png,7/registered/rir__2023-07-26__21:32:41.519443.png,2.44814029291706,0.32344916 0.53883922,0.47641143 0.52606905,0.40081294 0.70039928,0.40009689 0.64509261,0.55474943 0.50588667,0.70279825 0.49080834,0.63633668 0.66506869,0.64052576 0.60981411
282,2023-07-26 21:33:11.080957,92.67335102247236,167.54843836815868,7,170.0,7/unregistered/uil__2023-07-26__21:33:11.080957.png,7/unregistered/uir__2023-07-26__21:33:11.080957.png,7/registered/ril__2023-07-26__21:33:11.080957.png,7/registered/rir__2023-07-26__21:33:11.080957.png,2.451561631841315,0.35089719 0.53722054,0.50173509 0.52799964,0.42820144 0.69599605,0.42593586 0.64170349,0.58549076 0.50340617,0.73252946 0.48991781,0.66620103 0.65935048,0.66895586 0.60814691
281,2023-07-26 21:33:03.182840,129.68622844604502,167.50824897657728,7,170.0,7/unregistered/uil__2023-07-26__21:33:03.182840.png,7/unregistered/uir__2023-07-26__21:33:03.182840.png,7/registered/ril__2023-07-26__21:33:03.182840.png,7/registered/rir__2023-07-26__21:33:03.182840.png,2.4917510234227223,0.18735012 0.53127837,0.30242038 0.53051907,0.23897394 0.65643951,0.23709926 0.61644185,0.35489452 0.49726325,0.46929431 0.49741876,0.40935731 0.62324551,0.41029048 0.58319235
273,2023-07-26 21:32:43.522720,93.21714387848628,167.50639848744956,7,170.0,7/unregistered/uil__2023-07-26__21:32:43.522720.png,7/unregistered/uir__2023-07-26__21:32:43.522720.png,7/registered/ril__2023-07-26__21:32:43.522720.png,7/registered/rir__2023-07-26__21:32:43.522720.png,2.493601512550441,0.32257193 0.53996986,0.47549522 0.52658856,0.40152071 0.70132205,0.40036547 0.64987034,0.55612338 0.5063737,0.70466894 0.49074417,0.63856167 0.66552964,0.64184028 0.61439359
284,2023-07-26 21:33:13.433332,90.93837538387773,167.3974957767422,7,170.0,7/unregistered/uil__2023-07-26__21:33:13.433332.png,7/unregistered/uir__2023-07-26__21:33:13.433332.png,7/registered/ril__2023-07-26__21:33:13.433332.png,7/registered/rir__2023-07-26__21:33:13.433332.png,2.602504223257796,0.29042843 0.54025406,0.44543353 0.53051716,0.36543387 0.7003873,0.3636502 0.64184541,0.52577734 0.50698489,0.68022704 0.4942674,0.61062455 0.66415194,0.61290383 0.60793722
272,2023-07-26 21:32:42.512030,93.0674581855992,167.26903823591695,7,170.0,7/unregistered/uil__2023-07-26__21:32:42.512030.png,7/unregistered/uir__2023-07-26__21:32:42.512030.png,7/registered/ril__2023-07-26__21:32:42.512030.png,7/registered/rir__2023-07-26__21:32:42.512030.png,2.730961764083048,0.32617819 0.54331315,0.47801399 0.5313493,0.4069434 0.70612386,0.40309709 0.65237576,0.56011915 0.5100174,0.70689321 0.49447417,0.64389396 0.67067623,0.64550537 0.61856252
283,2023-07-26 21:33:12.259305,90.24862021783537,167.0940985796004,7,170.0,7/unregistered/uil__2023-07-26__21:33:12.259305.png,7/unregistered/uir__2023-07-26__21:33:12.259305.png,7/registered/ril__2023-07-26__21:33:12.259305.png,7/registered/rir__2023-07-26__21:33:12.259305.png,2.9059014203996014,0.07440533 0.54561681,0.23471332 0.53596145,0.14713269 0.71245155,0.1443949 0.65545362,0.3149552 0.512851,0.47417203 0.5039829,0.39389718 0.67920408,0.39290771 0.62029171
276,2023-07-26 21:32:47.560645,120.17451105120388,166.64089483745988,7,170.0,7/unregistered/uil__2023-07-26__21:32:47.560645.png,7/unregistered/uir__2023-07-26__21:32:47.560645.png,7/registered/ril__2023-07-26__21:32:47.560645.png,7/registered/rir__2023-07-26__21:32:47.560645.png,3.359105162540118,0.28299528 0.55043477,0.40468243 0.53517056,0.34962089 0.67690679,0.34728703 0.63602424,0.46440279 0.51597989,0.58383644 0.49958441,0.53350702 0.64119408,0.53309691 0.59918606
179,2023-07-25 19:11:23.778146,134.44842171693298,137.49668648290324,8,148.0,8/unregistered/uil__2023-07-25__19:11:23.778146.png,8/unregistered/uir__2023-07-25__19:11:23.778146.png,8/registered/ril__2023-07-25__19:11:23.778146.png,8/registered/rir__2023-07-25__19:11:23.778146.png,10.503313517096757,0.40770471 0.88430923,0.50754505 0.88399184,0.45873848 0.97798225,0.46122891 0.94969672,0.56897897 0.85124463,0.66653669 0.84962434,0.62278035 0.94314331,0.62754869 0.91501886
209,2023-07-25 19:12:22.159096,179.5780866333329,137.37232507482028,8,148.0,8/unregistered/uil__2023-07-25__19:12:22.159096.png,8/unregistered/uir__2023-07-25__19:12:22.159096.png,8/registered/ril__2023-07-25__19:12:22.159096.png,8/registered/rir__2023-07-25__19:12:22.159096.png,10.627674925179718,0.62894404 0.79646224,0.70619702 0.79346311,0.67090702 0.86687064,0.67081589 0.84001136,0.74977815 0.76348287,0.8252421 0.75983506,0.79389638 0.83342466,0.79541242 0.8070094
198,2023-07-25 19:12:06.886004,223.76461848519256,137.176801877472,8,148.0,8/unregistered/uil__2023-07-25__19:12:06.886004.png,8/unregistered/uir__2023-07-25__19:12:06.886004.png,8/registered/ril__2023-07-25__19:12:06.886004.png,8/registered/rir__2023-07-25__19:12:06.886004.png,10.823198122527998,0.57755643 0.74629337,0.64157563 0.73973912,0.61449885 0.80433798,0.6143164 0.78346145,0.67471147 0.71381891,0.73689318 0.70818645,0.71296716 0.7730726,0.71461672 0.75028431
207,2023-07-25 19:12:17.443364,176.90753067430512,137.16337251030578,8,148.0,8/unregistered/uil__2023-07-25__19:12:17.443364.png,8/unregistered/uir__2023-07-25__19:12:17.443364.png,8/registered/ril__2023-07-25__19:12:17.443364.png,8/registered/rir__2023-07-25__19:12:17.443364.png,10.836627489694223,0.63823074 0.8024841,0.71506077 0.79933566,0.67984074 0.87740484,0.67999035 0.85339051,0.75987756 0.76970482,0.83745199 0.76580447,0.80475309 0.84352398,0.80657244 0.81790411
193,2023-07-25 19:12:00.951341,222.19325065384297,137.11974147552846,8,148.0,8/unregistered/uil__2023-07-25__19:12:00.951341.png,8/unregistered/uir__2023-07-25__19:12:00.951341.png,8/registered/ril__2023-07-25__19:12:00.951341.png,8/registered/rir__2023-07-25__19:12:00.951341.png,10.880258524471543,0.45363343 0.75003052,0.51804817 0.73990041,0.49094015 0.80268767,0.49214059 0.78293669,0.55116451 0.71852553,0.61487478 0.70827848,0.59015897 0.77064064,0.59259838 0.75100356
206,2023-07-25 19:12:16.275419,175.3861696696667,136.9190459319878,8,148.0,8/unregistered/uil__2023-07-25__19:12:16.275419.png,8/unregistered/uir__2023-07-25__19:12:16.275419.png,8/registered/ril__2023-07-25__19:12:16.275419.png,8/registered/rir__2023-07-25__19:12:16.275419.png,11.080954068012204,0.63425076 0.80705589,0.71213025 0.8039642,0.67738545 0.88171431,0.67822868 0.85768795,0.7575599 0.77452588,0.83496964 0.77046788,0.80268687 0.84814095,0.8059665 0.82269764
208,2023-07-25 19:12:18.630305,174.2677111948312,136.75710225098797,8,148.0,8/unregistered/uil__2023-07-25__19:12:18.630305.png,8/unregistered/uir__2023-07-25__19:12:18.630305.png,8/registered/ril__2023-07-25__19:12:18.630305.png,8/registered/rir__2023-07-25__19:12:18.630305.png,11.24289774901203,0.22974324 0.80736101,0.31100535 0.81020409,0.26693268 0.88570821,0.26787677 0.86051583,0.3548035 0.77551198,0.43419117 0.77867496,0.39298755 0.85322502,0.39520046 0.82909018
210,2023-07-25 19:12:24.491874,178.0891885587324,136.66870352601393,8,148.0,8/unregistered/uil__2023-07-25__19:12:24.491874.png,8/unregistered/uir__2023-07-25__19:12:24.491874.png,8/registered/ril__2023-07-25__19:12:24.491874.png,8/registered/rir__2023-07-25__19:12:24.491874.png,11.331296473986072,0.66694564 0.80401707,0.74334496 0.80293655,0.70914817 0.8788594,0.71236801 0.85378402,0.78918439 0.77046514,0.86523306 0.76841807,0.83248475 0.84448126,0.83669585 0.82060415
201,2023-07-25 19:12:10.412563,231.06226471121872,136.64465286851168,8,148.0,8/unregistered/uil__2023-07-25__19:12:10.412563.png,8/unregistered/uir__2023-07-25__19:12:10.412563.png,8/registered/ril__2023-07-25__19:12:10.412563.png,8/registered/rir__2023-07-25__19:12:10.412563.png,11.355347131488315,0.18425323 0.73807633,0.25146574 0.74147195,0.21575156 0.7998631,0.21777169 0.77901679,0.27851549 0.70863539,0.34270713 0.71135122,0.31098348 0.769144,0.31440553 0.74783367
194,2023-07-25 19:12:02.123455,222.40165146848952,136.58975831053363,8,148.0,8/unregistered/uil__2023-07-25__19:12:02.123455.png,8/unregistered/uir__2023-07-25__19:12:02.123455.png,8/registered/ril__2023-07-25__19:12:02.123455.png,8/registered/rir__2023-07-25__19:12:02.123455.png,11.410241689466375,0.34371692 0.74840468,0.41101632 0.74866068,0.38005175 0.81237772,0.37937754 0.79096723,0.44153112 0.71780211,0.50772452 0.71786731,0.47749723 0.78047308,0.47973245 0.75788224
191,2023-07-25 19:11:58.588643,225.9663364002414,136.44995973729988,8,148.0,8/unregistered/uil__2023-07-25__19:11:58.588643.png,8/unregistered/uir__2023-07-25__19:11:58.588643.png,8/registered/ril__2023-07-25__19:11:58.588643.png,8/registered/rir__2023-07-25__19:11:58.588643.png,11.550040262700122,0.49680406 0.74334627,0.56198162 0.74862248,0.52574009 0.80405477,0.52829391 0.78399324,0.59264016 0.7119807,0.65593874 0.71644479,0.62352619 0.77191451,0.62692904 0.75163716
200,2023-07-25 19:12:09.231467,234.6079446966817,136.38912430050684,8,148.0,8/unregistered/uil__2023-07-25__19:12:09.231467.png,8/unregistered/uir__2023-07-25__19:12:09.231467.png,8/registered/ril__2023-07-25__19:12:09.231467.png,8/registered/rir__2023-07-25__19:12:09.231467.png,11.610875699493164,0.16075063 0.73637146,0.22669257 0.74013114,0.19209497 0.79910785,0.19275929 0.77802515,0.2534892 0.7056846,0.31843752 0.70964849,0.28518799 0.76846477,0.28767142 0.74637198
190,2023-07-25 19:11:57.408235,224.1147255720016,136.37733497336635,8,148.0,8/unregistered/uil__2023-07-25__19:11:57.408235.png,8/unregistered/uir__2023-07-25__19:11:57.408235.png,8/registered/ril__2023-07-25__19:11:57.408235.png,8/registered/rir__2023-07-25__19:11:57.408235.png,11.622665026633655,0.49648282 0.74542195,0.56136572 0.75122631,0.52663532 0.80800548,0.52836394 0.78803968,0.59333014 0.71378922,0.65828931 0.71970916,0.62514988 0.774712,0.62717205 0.75531471
203,2023-07-25 19:12:12.752567,226.4854016101104,136.18717713867517,8,148.0,8/unregistered/uil__2023-07-25__19:12:12.752567.png,8/unregistered/uir__2023-07-25__19:12:12.752567.png,8/registered/ril__2023-07-25__19:12:12.752567.png,8/registered/rir__2023-07-25__19:12:12.752567.png,11.812822861324833,0.67905682 0.75018334,0.74306524 0.74444652,0.7176275 0.80845734,0.71689016 0.78823769,0.77497959 0.71787876,0.83868575 0.71158171,0.81443298 0.77547508,0.81507224 0.75501138
204,2023-07-25 19:12:13.915322,219.64027143147425,136.0203323712575,8,148.0,8/unregistered/uil__2023-07-25__19:12:13.915322.png,8/unregistered/uir__2023-07-25__19:12:13.915322.png,8/registered/ril__2023-07-25__19:12:13.915322.png,8/registered/rir__2023-07-25__19:12:13.915322.png,11.979667628742504,0.621984 0.75507712,0.68806332 0.755822,0.65585157 0.81620699,0.65687776 0.79674304,0.72080493 0.72262645,0.78481126 0.72300446,0.75498664 0.78250429,0.75879115 0.76477176
178,2023-07-25 16:47:28.244343,66.60728199745975,163.43926490972578,9,163.0,9/unregistered/uil__2023-07-25__16:47:28.244343.png,9/unregistered/uir__2023-07-25__16:47:28.244343.png,9/registered/ril__2023-07-25__16:47:28.244343.png,9/registered/rir__2023-07-25__16:47:28.244343.png,0.4392649097257788,0.14709319 0.62738132,0.35352182 0.63925576,0.2371951 0.83428425,0.23882394 0.76300871,0.47537369 0.59136367,0.66791075 0.60172141,0.57335865 0.79738727,0.58032155 0.72985041
176,2023-07-25 16:47:24.592694,64.5919400800366,163.58626876734485,9,163.0,9/unregistered/uil__2023-07-25__16:47:24.592694.png,9/unregistered/uir__2023-07-25__16:47:24.592694.png,9/registered/ril__2023-07-25__16:47:24.592694.png,9/registered/rir__2023-07-25__16:47:24.592694.png,0.5862687673448477,0.12775147 0.63234144,0.33774704 0.63385391,0.21964315 0.84335041,0.21656135 0.77064931,0.46293485 0.59562314,0.66626787 0.59705377,0.56598392 0.8076624,0.56811541 0.73635268
166,2023-07-25 16:47:10.130708,67.48583952574329,162.37290103035656,9,163.0,9/unregistered/uil__2023-07-25__16:47:10.130708.png,9/unregistered/uir__2023-07-25__16:47:10.130708.png,9/registered/ril__2023-07-25__16:47:10.130708.png,9/registered/rir__2023-07-25__16:47:10.130708.png,0.6270989696434413,0.13164182 0.65479809,0.33134469 0.65905809,0.22498056 0.85326687,0.22716939 0.78967977,0.45560101 0.6191566,0.644835 0.62314212,0.55711108 0.81708628,0.5625636 0.75802863
165,2023-07-25 16:47:08.905572,65.22050593641454,163.655980868157,9,163.0,9/unregistered/uil__2023-07-25__16:47:08.905572.png,9/unregistered/uir__2023-07-25__16:47:08.905572.png,9/registered/ril__2023-07-25__16:47:08.905572.png,9/registered/rir__2023-07-25__16:47:08.905572.png,0.6559808681570019,0.24016961 0.63507694,0.44354278 0.62564772,0.33971952 0.83749324,0.33597231 0.76436728,0.57200545 0.59892869,0.76834786 0.58837324,0.6814791 0.79920784,0.68569654 0.72877479
177,2023-07-25 16:47:25.835780,63.956886765620666,163.6687013309065,9,163.0,9/unregistered/uil__2023-07-25__16:47:25.835780.png,9/unregistered/uir__2023-07-25__16:47:25.835780.png,9/registered/ril__2023-07-25__16:47:25.835780.png,9/registered/rir__2023-07-25__16:47:25.835780.png,0.6687013309064866,0.11800101 0.63163066,0.32919711 0.63263166,0.21217976 0.8444697,0.20937723 0.76984745,0.45769277 0.59540302,0.66188967 0.59641296,0.56145617 0.80855903,0.56509721 0.73621166
162,2023-07-25 16:47:04.059711,88.6091580532782,163.8713788602334,9,163.0,9/unregistered/uil__2023-07-25__16:47:04.059711.png,9/unregistered/uir__2023-07-25__16:47:04.059711.png,9/registered/ril__2023-07-25__16:47:04.059711.png,9/registered/rir__2023-07-25__16:47:04.059711.png,0.8713788602333921,0.16437766 0.59630144,0.32311475 0.60104758,0.23652882 0.75421238,0.23595837 0.70222312,0.40899044 0.56014282,0.56209016 0.56449693,0.48667765 0.71831372,0.49158102 0.66799718
175,2023-07-25 16:47:23.370727,64.29460297913586,163.92342615098997,9,163.0,9/unregistered/uil__2023-07-25__16:47:23.370727.png,9/unregistered/uir__2023-07-25__16:47:23.370727.png,9/registered/ril__2023-07-25__16:47:23.370727.png,9/registered/rir__2023-07-25__16:47:23.370727.png,0.9234261509899682,0.14260614 0.62262022,0.35272592 0.62796855,0.23300758 0.83565786,0.23010419 0.76114523,0.47979409 0.58646882,0.68081915 0.58978099,0.57953134 0.79804853,0.58432853 0.72845435
164,2023-07-25 16:47:07.690610,65.54844983039133,163.92811718712127,9,163.0,9/unregistered/uil__2023-07-25__16:47:07.690610.png,9/unregistered/uir__2023-07-25__16:47:07.690610.png,9/registered/ril__2023-07-25__16:47:07.690610.png,9/registered/rir__2023-07-25__16:47:07.690610.png,0.9281171871212734,0.24745876 0.62652755,0.45053065 0.61999357,0.34539796 0.83284068,0.34195608 0.75766063,0.57706451 0.5904994,0.77282894 0.58218378,0.68511131 0.79329839,0.69005239 0.72398031
163,2023-07-25 16:47:06.474283,67.90145271028446,164.01815938264295,9,163.0,9/unregistered/uil__2023-07-25__16:47:06.474283.png,9/unregistered/uir__2023-07-25__16:47:06.474283.png,9/registered/ril__2023-07-25__16:47:06.474283.png,9/registered/rir__2023-07-25__16:47:06.474283.png,1.0181593826429491,0.22463503 0.61941403,0.42262906 0.61609006,0.31468031 0.81847778,0.31240544 0.74535149,0.54418421 0.58303893,0.73502845 0.58024329,0.64377877 0.77929193,0.64596838 0.71348298
161,2023-07-25 16:47:02.915029,94.45466524977398,164.0456808829573,9,163.0,9/unregistered/uil__2023-07-25__16:47:02.915029.png,9/unregistered/uir__2023-07-25__16:47:02.915029.png,9/registered/ril__2023-07-25__16:47:02.915029.png,9/registered/rir__2023-07-25__16:47:02.915029.png,1.0456808829572992,0.28209698 0.59134173,0.42886391 0.59103107,0.35111327 0.73671672,0.35012436 0.68795121,0.51130152 0.55643922,0.65564561 0.55779582,0.58577663 0.70313853,0.58843154 0.65732872
160,2023-07-25 16:47:01.879091,96.13341414239268,164.21919158439542,9,163.0,9/unregistered/uil__2023-07-25__16:47:01.879091.png,9/unregistered/uir__2023-07-25__16:47:01.879091.png,9/registered/ril__2023-07-25__16:47:01.879091.png,9/registered/rir__2023-07-25__16:47:01.879091.png,1.2191915843954177,0.29357404 0.58546871,0.43740493 0.58887279,0.35763881 0.72959396,0.35736823 0.68115872,0.51777607 0.55016434,0.65951157 0.55508572,0.58881831 0.69550899,0.59196758 0.65046364
173,2023-07-25 16:47:19.741707,123.1691149385923,164.27018121861613,9,163.0,9/unregistered/uil__2023-07-25__16:47:19.741707.png,9/unregistered/uir__2023-07-25__16:47:19.741707.png,9/registered/ril__2023-07-25__16:47:19.741707.png,9/registered/rir__2023-07-25__16:47:19.741707.png,1.2701812186161305,0.36436188 0.56799263,0.47734597 0.57769841,0.41319272 0.6890099,0.41151607 0.6494866,0.53919286 0.53528041,0.65169734 0.54460275,0.59293482 0.65802604,0.59446973 0.61959559
158,2023-07-25 16:46:59.826743,128.1255268511093,164.4918183315974,9,163.0,9/unregistered/uil__2023-07-25__16:46:59.826743.png,9/unregistered/uir__2023-07-25__16:46:59.826743.png,9/registered/ril__2023-07-25__16:46:59.826743.png,9/registered/rir__2023-07-25__16:46:59.826743.png,1.4918183315973863,0.28651428 0.56400883,0.39902562 0.57249397,0.33475035 0.68025744,0.33382818 0.64125854,0.45656282 0.53042084,0.56711066 0.53797358,0.50773951 0.64749667,0.50829619 0.6106025
172,2023-07-25 16:47:18.552614,190.9228934556461,164.7453957933834,9,163.0,9/unregistered/uil__2023-07-25__16:47:18.552614.png,9/unregistered/uir__2023-07-25__16:47:18.552614.png,9/registered/ril__2023-07-25__16:47:18.552614.png,9/registered/rir__2023-07-25__16:47:18.552614.png,1.745395793383409,0.47382721 0.55031419,0.55080861 0.55346084,0.50880876 0.63191995,0.50591201 0.60627794,0.58607835 0.51979226,0.66487372 0.52169698,0.62411106 0.60216093,0.62277877 0.57667404
167,2023-07-25 16:47:11.327805,105.34870364407716,164.7920512556735,9,163.0,9/unregistered/uil__2023-07-25__16:47:11.327805.png,9/unregistered/uir__2023-07-25__16:47:11.327805.png,9/registered/ril__2023-07-25__16:47:11.327805.png,9/registered/rir__2023-07-25__16:47:11.327805.png,1.792051255673499,0.43578383 0.56748301,0.56694925 0.57874221,0.49372368 0.70656222,0.49474746 0.65870464,0.64192599 0.53100628,0.77142698 0.54226124,0.70484459 0.66996363,0.70669103 0.62643486
